Prompt,Response,Source
What feedback do we have about our customer service?,"Clients have praised our customer support efficiency, though concerns about wait times have been noted.",Client_Relationship_Summary.pdf
How quickly are we currently processing loans?,"Loan processing times average 14 days, with ongoing efforts to reduce this via automation.",Loan_Processing_Times_Report.pdf
What are the new investment opportunities in real estate?,Current opportunities include investments in both residential and commercial real estate.,Investment_Opportunities_Brief.pdf
How are we managing credit risk?,Credit risk is managed through stringent loan approval criteria and ongoing monitoring of borrower financial health.,Risk_Management_Strategies.pdf
What are our approaches to reducing risk?,Our approaches to managing risk include addressing credit risk through reducing defaults and hedging against market volatility.,Risk_Management_Strategies.pdf
Detail the advantages of fixed-rate mortgages.,"Fixed-rate mortgages provide stability with constant interest rates, making budgeting easier for borrowers.",Mortgage_Options_Review.pdf
What strategies are in place for client retention?,Client retention is supported by loyalty programs and personalized service offerings.,Client_Relationship_Summary.pdf
Provide the latest updates on tech startup investments.,Investments in tech startups focus on high-growth companies in emerging technology sectors.,Investment_Opportunities_Brief.pdf
What measures are we taking against market volatility?,Market risks are mitigated through diversified investments and hedging strategies.,Risk_Management_Strategies.pdf
