prompt,response
Can you tell me about Sophia Church?,"Sophia Church is 46 years old, works as a Product Manager in Atlanta with a salary of $122350. They have 21 years of experience and skills in: Project Management, Python."
Can you tell me about Jeff Howard?,"Jeff Howard is 26 years old, works as a Network Engineer in San Francisco with a salary of $141552. They have 2 years of experience and skills in: Machine Learning, C#, SQL, Data Analysis."
Can you tell me about Shawn Martinez?,"Shawn Martinez is 53 years old, works as a Systems Analyst in San Francisco with a salary of $84630. They have 24 years of experience and skills in: JavaScript, UX Design, Python, Cloud Computing, Data Analysis."
Can you tell me about Brian Johnson?,"Brian Johnson is 25 years old, works as a Database Administrator in Atlanta with a salary of $103295. They have 26 years of experience and skills in: Cloud Computing, Data Analysis."
Can you tell me about Patricia Dennis?,"Patricia Dennis is 25 years old, works as a Project Manager in San Francisco with a salary of $112197. They have 13 years of experience and skills in: Cloud Computing, SQL."
Can you tell me about Andrea Carlson?,"Andrea Carlson is 26 years old, works as a Data Scientist in Los Angeles with a salary of $135944. They have 1 years of experience and skills in: Cloud Computing, Java, CSS, HTML, Project Management."
Can you tell me about Tracy Dunn?,"Tracy Dunn is 22 years old, works as a Product Manager in New York with a salary of $61605. They have 28 years of experience and skills in: CSS, SQL, Python, Machine Learning."
Can you tell me about Harold Nelson?,"Harold Nelson is 30 years old, works as a Systems Analyst in Los Angeles with a salary of $93684. They have 7 years of experience and skills in: UX Design, JavaScript, C#, Agile Methodologies, Project Management."
Can you tell me about Ruben Jones?,"Ruben Jones is 47 years old, works as a Graphic Designer in Austin with a salary of $69045. They have 19 years of experience and skills in: CSS, Project Management, C#, Java."
Can you tell me about Valerie Choi?,"Valerie Choi is 53 years old, works as a Data Scientist in New York with a salary of $148574. They have 18 years of experience and skills in: Machine Learning, SQL, Java, Cloud Computing."
Can you tell me about Gloria James?,"Gloria James is 42 years old, works as a Data Scientist in Austin with a salary of $62049. They have 30 years of experience and skills in: Agile Methodologies, C#, HTML, SQL, Data Analysis."
Can you tell me about John Gonzalez?,"John Gonzalez is 30 years old, works as a Web Developer in San Francisco with a salary of $75005. They have 30 years of experience and skills in: Python, Project Management."
Can you tell me about Ruben Jones?,"Ruben Jones is 47 years old, works as a Graphic Designer in Austin with a salary of $69045. They have 19 years of experience and skills in: CSS, Project Management, C#, Java."
Can you tell me about Alexander Myers?,"Alexander Myers is 31 years old, works as a Software Engineer in Los Angeles with a salary of $66178. They have 7 years of experience and skills in: Machine Learning, Agile Methodologies."
Can you tell me about Ian Mills?,"Ian Mills is 49 years old, works as a Database Administrator in Miami with a salary of $109644. They have 30 years of experience and skills in: Agile Methodologies, C#, UX Design, Cloud Computing."
Can you tell me about Joe Lang?,"Joe Lang is 22 years old, works as a Systems Analyst in New York with a salary of $61605. They have 5 years of experience and skills in: Machine Learning, Java."
Can you tell me about Rick Jones?,"Rick Jones is 26 years old, works as a Data Scientist in Denver with a salary of $118506. They have 6 years of experience and skills in: CSS, Data Analysis."
Can you tell me about Alicia Henry?,"Alicia Henry is 31 years old, works as a Graphic Designer in Seattle with a salary of $78846. They have 1 years of experience and skills in: HTML, C#."
Can you tell me about Michael Bates?,"Michael Bates is 48 years old, works as a Graphic Designer in San Francisco with a salary of $83666. They have 11 years of experience and skills in: Machine Learning, CSS, HTML, UX Design, C#."
Can you tell me about David Stout?,"David Stout is 44 years old, works as a Systems Analyst in Boston with a salary of $89213. They have 20 years of experience and skills in: Java, Python, HTML, Project Management, JavaScript."
Can you tell me about Bethany Schmitt?,"Bethany Schmitt is 23 years old, works as a Graphic Designer in Austin with a salary of $63763. They have 12 years of experience and skills in: JavaScript, Data Analysis, Agile Methodologies."
Can you tell me about Michael Bates?,"Michael Bates is 48 years old, works as a Graphic Designer in San Francisco with a salary of $83666. They have 11 years of experience and skills in: Machine Learning, CSS, HTML, UX Design, C#."
Can you tell me about Jeffrey Norris?,"Jeffrey Norris is 35 years old, works as a Product Manager in Boston with a salary of $115208. They have 22 years of experience and skills in: UX Design, Java, SQL."
Can you tell me about Jennifer Poole?,"Jennifer Poole is 42 years old, works as a Database Administrator in Austin with a salary of $115267. They have 7 years of experience and skills in: Data Analysis, Cloud Computing, Python, JavaScript, UX Design."
Can you tell me about Theresa Robinson?,"Theresa Robinson is 38 years old, works as a Product Manager in Chicago with a salary of $110177. They have 29 years of experience and skills in: JavaScript, UX Design, Machine Learning, Project Management, SQL."
Can you tell me about Andre Williams?,"Andre Williams is 31 years old, works as a Project Manager in New York with a salary of $62891. They have 19 years of experience and skills in: C#, HTML, Cloud Computing, SQL."
Can you tell me about Katherine Kirby?,"Katherine Kirby is 37 years old, works as a Project Manager in Denver with a salary of $63330. They have 26 years of experience and skills in: Java, Python, SQL."
Can you tell me about Matthew Mcmillan?,"Matthew Mcmillan is 38 years old, works as a Software Engineer in Los Angeles with a salary of $83529. They have 24 years of experience and skills in: Agile Methodologies, Data Analysis, UX Design, SQL."
Can you tell me about John Myers?,"John Myers is 53 years old, works as a Business Analyst in Boston with a salary of $136937. They have 20 years of experience and skills in: SQL, Project Management, Agile Methodologies, Python."
Can you tell me about Savannah Rojas?,"Savannah Rojas is 29 years old, works as a Graphic Designer in Los Angeles with a salary of $91584. They have 4 years of experience and skills in: Machine Learning, Cloud Computing."
Can you tell me about Jennifer Poole?,"Jennifer Poole is 42 years old, works as a Database Administrator in Austin with a salary of $115267. They have 7 years of experience and skills in: Data Analysis, Cloud Computing, Python, JavaScript, UX Design."
Can you tell me about Richard Travis?,"Richard Travis is 23 years old, works as a Project Manager in Atlanta with a salary of $76640. They have 25 years of experience and skills in: HTML, UX Design."
Can you tell me about Eddie Key?,"Eddie Key is 35 years old, works as a Graphic Designer in Miami with a salary of $96331. They have 8 years of experience and skills in: Python, Project Management, Java, SQL."
Can you tell me about Selena Bell?,"Selena Bell is 51 years old, works as a Data Scientist in San Francisco with a salary of $72731. They have 29 years of experience and skills in: JavaScript, HTML, UX Design, Cloud Computing."
Can you tell me about Savannah Rojas?,"Savannah Rojas is 29 years old, works as a Graphic Designer in Los Angeles with a salary of $91584. They have 4 years of experience and skills in: Machine Learning, Cloud Computing."
Can you tell me about Jeff Howard?,"Jeff Howard is 26 years old, works as a Network Engineer in San Francisco with a salary of $141552. They have 2 years of experience and skills in: Machine Learning, C#, SQL, Data Analysis."
Can you tell me about Jacqueline Zimmerman?,"Jacqueline Zimmerman is 22 years old, works as a Data Scientist in Miami with a salary of $60025. They have 26 years of experience and skills in: Python, Data Analysis, Project Management, HTML, SQL."
Can you tell me about Rick Jones?,"Rick Jones is 26 years old, works as a Data Scientist in Denver with a salary of $118506. They have 6 years of experience and skills in: CSS, Data Analysis."
Can you tell me about Christopher Nguyen?,"Christopher Nguyen is 29 years old, works as a Systems Analyst in San Francisco with a salary of $84577. They have 1 years of experience and skills in: HTML, UX Design, SQL, Machine Learning, JavaScript."
Can you tell me about Amber Poole?,"Amber Poole is 40 years old, works as a Product Manager in New York with a salary of $145787. They have 7 years of experience and skills in: Agile Methodologies, Python, CSS."
Can you tell me about Mary Mitchell?,"Mary Mitchell is 52 years old, works as a Product Manager in San Francisco with a salary of $87355. They have 30 years of experience and skills in: Project Management, UX Design, CSS."
Can you tell me about Jennifer Poole?,"Jennifer Poole is 42 years old, works as a Database Administrator in Austin with a salary of $115267. They have 7 years of experience and skills in: Data Analysis, Cloud Computing, Python, JavaScript, UX Design."
Can you tell me about Patricia Dennis?,"Patricia Dennis is 25 years old, works as a Project Manager in San Francisco with a salary of $112197. They have 13 years of experience and skills in: Cloud Computing, SQL."
Can you tell me about Brian Horton?,"Brian Horton is 41 years old, works as a Database Administrator in Denver with a salary of $91469. They have 28 years of experience and skills in: SQL, Cloud Computing, HTML."
Can you tell me about Alexander Myers?,"Alexander Myers is 31 years old, works as a Software Engineer in Los Angeles with a salary of $66178. They have 7 years of experience and skills in: Machine Learning, Agile Methodologies."
Can you tell me about Kevin Green?,"Kevin Green is 54 years old, works as a Graphic Designer in Denver with a salary of $145888. They have 25 years of experience and skills in: HTML, UX Design, Machine Learning."
Can you tell me about Mrs. Robin Lawson?,"Mrs. Robin Lawson is 49 years old, works as a Project Manager in Miami with a salary of $61048. They have 5 years of experience and skills in: HTML, Machine Learning, Project Management."
Can you tell me about Gloria James?,"Gloria James is 42 years old, works as a Data Scientist in Austin with a salary of $62049. They have 30 years of experience and skills in: Agile Methodologies, C#, HTML, SQL, Data Analysis."
Can you tell me about William Shelton?,"William Shelton is 27 years old, works as a Database Administrator in Chicago with a salary of $109253. They have 11 years of experience and skills in: HTML, Python, Machine Learning."
Can you tell me about Brian Johnson?,"Brian Johnson is 25 years old, works as a Database Administrator in Atlanta with a salary of $103295. They have 26 years of experience and skills in: Cloud Computing, Data Analysis."
